{
 "pval": [ 1.605146, 1.519734, 1.318831, 1.111736, 1.098749, 1.098749, 0.9722021, 0.9057386, 0.8931295, 0.8870265, 0.8866919, 0.8007935, 0.7336507, 0.648803, 0.648803, 0.648803, 0.5882625, 0.5650002, 0.5650002, 0.5040951, 0.482026, 0.319728, 0.272036, 0.272036, 0.2456593, 0.1960652, 0.1960652, 0.1940033, 0.1940033, 0.1940033, 0.1597621, 0.141854, 0.1349731, 0.1349731, 0.1053406, 0.1053406, 0.09971482, 0.07902146, 0.07902146, 0.05240455, 0.04816241, 0.04529931, 0.02632731, 0.02011943, 0.006912227, 0.006854866, 0.005291411, 0.0008041889 ],
"enr": [ 2.892472, 3.977408, 3.977329, 2.272727, 4.545455, 2.766826, 2.651535, 3.409091, 1.767721, 3.880331, 1.704545, 2.892542, 3.059414, 0.4079302, 0.4079302, 0.4971662, 5.965875, 4.242411, 1.988665, 1.590963,   1.5909, 2.410452, 0.5681818, 0.4419108, 1.178481, 1.060614, 2.121206, 0.3384897,  3.97725, 0.9358039, 0.8677794,  1.76769, 2.766826, 1.767643, 1.590913, 0.4419108, 1.169782, 1.988625,  1.76769, 1.590963, 2.272727, 1.060603, 0.9943323, 0.4079302, 0.8373106, 0.4545455, 0.3615721, 0.3787879 ],
"pathnames": [ "Propanoate metabolism", "Citrate cycle (TCA cycle)", "Glycerolipid metabolism", "beta-Alanine metabolism", "Arginine biosynthesis", "Pyruvate metabolism", "Lysine degradation", "Alanine, aspartate and glutamate metabolism", "Terpenoid backbone biosynthesis", "Tryptophan metabolism", "Lipoic acid metabolism", "Cysteine and methionine metabolism", "Glycolysis / Gluconeogenesis", "Fatty acid elongation", "Fatty acid degradation", "Sphingolipid metabolism", "Valine, leucine and isoleucine biosynthesis", "D-Amino acid metabolism", "Glyoxylate and dicarboxylate metabolism", "Pantothenate and CoA biosynthesis", "Valine, leucine and isoleucine degradation", "Glycine, serine and threonine metabolism", "Glutathione metabolism", "Biosynthesis of unsaturated fatty acids", "Folate biosynthesis", "Inositol phosphate metabolism", "Butanoate metabolism", "Fatty acid biosynthesis", "Phenylalanine, tyrosine and tryptophan biosynthesis", "Retinol metabolism", "Drug metabolism - cytochrome P450", "Ascorbate and aldarate metabolism", "Pentose phosphate pathway", "Arginine and proline metabolism", "Caffeine metabolism", "Glycerophospholipid metabolism", "Metabolism of xenobiotics by cytochrome P450", "Phenylalanine metabolism", "Vitamin B6 metabolism", "Fructose and mannose metabolism", "Tyrosine metabolism", "Nicotinate and nicotinamide metabolism", "Histidine metabolism", "Drug metabolism - other enzymes", "Pentose and glucuronate interconversions", "Purine metabolism", "Arachidonic acid metabolism", "Amino sugar and nucleotide sugar metabolism" ] 
}
